DEPORTE;POLITICA;TERRORISMO;TRANSITO;SOCIEDAD;DEPORTE
SENTIMIENTO;DANIEL URRESTI;TERRORISTA;CONDUCTOR;ODEBRECHT;SENTIMIENTO
VAMOS;MANDATARIO;MUSULMAN;ATROPELLO;ODEBRECHISTA;VAMOS
HINCHAS;PRESIDENTE;CABECILLA;PAEATONES;COMISION;HINCHAS
ALIENTAN;PPK;CRIMINAL;TOULOUSE;MAFIA;ALIENTAN
SELECCIÓN;PEDRO PABLO;DELICUENTE;HERIDOS;CARCEL;SELECCIÓN
PARTIDO;KUCZYNSKI;NIÑO;JAVIER;MARCELO;PARTIDO
NZ;FUJIMORISMO;VEXLER;PRADO;FACEBOOK;NZ
NUEVA ZELANDA;FUJIMORI;GUZMAN;TRAFICO;COIMA;NUEVA ZELANDA
REPECHAJE;KONTRALOR;DANOS;MOLINA;SOBORNO;REPECHAJE
GANAREMOS;CONTRALOR;MUERTE;LENTO;DEMANDA;GANAREMOS
GANAR;KEIKO;MARITZA;CONGESTION;FISCAL;GANAR
HINCHADA;ALAN;GARRIDO ;BUSES;GYM;HINCHADA
MINUTOS;GARCIA;LECCA;MICRO;GRAÑA;MINUTOS
SUENO;AG;;BUS;MONTERO;SUENO
90;INOCENTE;;CAMION;SOCIAL;90
180;OFICIAL;;;SOCIEDAD;180
ALENTAR;OFICIALES;;;MORAL;ALENTAR
GARECA;CHACON;;;CARGOS;GARECA
GUERRERO;SENTENCIA;;;CORRUPCION;GUERRERO
FARFAN;SENTENCIADA;;;JUSTICIA;FARFAN
PAOLO;SENTENCIADO;;;PATRICIO;PAOLO
CUBILLAS;OLLANTA;;;PARODI;CUBILLAS
MUNDIAL;HUMALA;;;EEG;MUNDIAL
GOL;NADINE;;;ESTO;GOL
MUNDIALES;HEREDIA;;;ES;MUNDIALES
REPESCA;FISCALIA;;;GUERRA;REPESCA
DELANTERO;FISCAL;;;DELINCUENTE;DELANTERO
WELLINGTON;COMISION;;;ASESINATO;WELLINGTON
WESTPAC;ALARCON;;;ROBO;WESTPAC
FUTBOL;CONGRESO;;;OSPINA;FUTBOL
TRANSIMISION;KONGRESO;;;SUELDO;TRANSIMISION
VOLLEY;PRENSA;;;FABIO;VOLLEY
NARRADOR;BECERRIL;;;AGOSTINI;NARRADOR
FUTBOL PERUANO;MAFIA;;;PRIMERA;FUTBOL PERUANO
82;SALAVERRY;;;EDICION;82
;MINISTRO;;;INTERNET;
;MINISTERIO;;;DINERO;
;GALARRETA;;;PRECIO;
;ARAOZ;;;S/;
;PERU 21;;;S/.;
;TRUMP;;;SOLES;
;ROJO;;;DOLARES;
;FP;;;MILLONES;
;FUERZA;;;CHILE;
;POPULAR;;;AUSTRALIA;
;PERUANOS;;;;
;KAMBIO;;;;
;CAVIAR;;;;
;CAVIARES;;;;
;LEY;;;;
;DELITO;;;;
;ORGANIZACIÓN;;;;
;ORGANIZACIONES;;;;
;CHUPONEO;;;;
;KF;;;;
;;;;;
;;;;;
;;;;;
